,minority_fracs,p3_vals
0,0.0,0.0
1,0.0,0.005
2,0.0,0.01
3,0.0,0.015
4,0.0,0.02
5,0.0,0.025
6,0.0,0.03
7,0.0,0.035
8,0.0,0.04
9,0.0,0.045
10,0.0,0.05
11,0.010319440000000001,0.055
12,0.051801120000000006,0.06
13,0.056659360000000006,0.065
14,0.06186664000000001,0.07
15,0.06682576,0.075
16,0.07136047999999999,0.08
17,0.07629376,0.085
18,0.08088575999999999,0.09
19,0.08562,0.095
