,period_1,period_2
0,25.491224766846926,26.444572138921906
