,avg_time,err
0,96.08444444444496,18.694607535104428
