,avg_time,err
0,0.6320000000000003,0.03984469851812162
